{
    "BackgroundTintTop": {
        "serializedVersion": "2",
        "key0": {
            "r": 0.0784313753247261,
            "g": 0.08235294371843338,
            "b": 0.12156862765550614,
            "a": 1.0
        },
        "key1": {
            "r": 0.27896445989608767,
            "g": 0.6683540344238281,
            "b": 0.8584905862808228,
            "a": 1.0
        },
        "key2": {
            "r": 0.27843138575553896,
            "g": 0.6666666865348816,
            "b": 0.8588235378265381,
            "a": 0.0
        },
        "key3": {
            "r": 0.07687591016292572,
            "g": 0.0808461606502533,
            "b": 0.12264150381088257,
            "a": 0.0
        },
        "key4": {
            "r": 0.07687591016292572,
            "g": 0.08084613084793091,
            "b": 0.12264150381088257,
            "a": 0.0
        },
        "key5": {
            "r": 0.0,
            "g": 0.0,
            "b": 0.0,
            "a": 0.0
        },
        "key6": {
            "r": 0.0,
            "g": 0.0,
            "b": 0.0,
            "a": 0.0
        },
        "key7": {
            "r": 0.0,
            "g": 0.0,
            "b": 0.0,
            "a": 0.0
        },
        "ctime0": 10601,
        "ctime1": 28527,
        "ctime2": 35852,
        "ctime3": 54934,
        "ctime4": 55512,
        "ctime5": 0,
        "ctime6": 0,
        "ctime7": 0,
        "atime0": 0,
        "atime1": 65535,
        "atime2": 0,
        "atime3": 0,
        "atime4": 0,
        "atime5": 0,
        "atime6": 0,
        "atime7": 0,
        "m_Mode": 0,
        "m_NumColorKeys": 4,
        "m_NumAlphaKeys": 2
    },
    "BackgroundTintBottom": {
        "serializedVersion": "2",
        "key0": {
            "r": 0.11493588984012604,
            "g": 0.11911537498235703,
            "b": 0.1629999876022339,
            "a": 1.0
        },
        "key1": {
            "r": 0.5010284185409546,
            "g": 0.7843155860900879,
            "b": 0.9245283007621765,
            "a": 1.0
        },
        "key2": {
            "r": 0.501960813999176,
            "g": 0.7843137383460999,
            "b": 0.9254902005195618,
            "a": 0.0
        },
        "key3": {
            "r": 0.11372549086809159,
            "g": 0.11764705926179886,
            "b": 0.16470588743686677,
            "a": 0.0
        },
        "key4": {
            "r": 0.21568627655506135,
            "g": 0.2235294133424759,
            "b": 0.30588236451148989,
            "a": 0.0
        },
        "key5": {
            "r": 0.0,
            "g": 0.0,
            "b": 0.0,
            "a": 0.0
        },
        "key6": {
            "r": 0.0,
            "g": 0.0,
            "b": 0.0,
            "a": 0.0
        },
        "key7": {
            "r": 0.0,
            "g": 0.0,
            "b": 0.0,
            "a": 0.0
        },
        "ctime0": 10601,
        "ctime1": 28913,
        "ctime2": 35081,
        "ctime3": 54356,
        "ctime4": 51464,
        "ctime5": 0,
        "ctime6": 0,
        "ctime7": 0,
        "atime0": 0,
        "atime1": 65535,
        "atime2": 0,
        "atime3": 0,
        "atime4": 0,
        "atime5": 0,
        "atime6": 0,
        "atime7": 0,
        "m_Mode": 0,
        "m_NumColorKeys": 4,
        "m_NumAlphaKeys": 2
    },
    "BackgroundBlockTint": {
        "serializedVersion": "2",
        "key0": {
            "r": 0.5849056243896484,
            "g": 0.5849056243896484,
            "b": 0.5849056243896484,
            "a": 0.6901960968971252
        },
        "key1": {
            "r": 0.5849056243896484,
            "g": 0.5849056243896484,
            "b": 0.5849056243896484,
            "a": 0.6901960968971252
        },
        "key2": {
            "r": 0.0,
            "g": 0.0,
            "b": 0.0,
            "a": 0.0
        },
        "key3": {
            "r": 0.0,
            "g": 0.0,
            "b": 0.0,
            "a": 0.0
        },
        "key4": {
            "r": 0.0,
            "g": 0.0,
            "b": 0.0,
            "a": 0.0
        },
        "key5": {
            "r": 0.0,
            "g": 0.0,
            "b": 0.0,
            "a": 0.0
        },
        "key6": {
            "r": 0.0,
            "g": 0.0,
            "b": 0.0,
            "a": 0.0
        },
        "key7": {
            "r": 0.0,
            "g": 0.0,
            "b": 0.0,
            "a": 0.0
        },
        "ctime0": 0,
        "ctime1": 65535,
        "ctime2": 0,
        "ctime3": 0,
        "ctime4": 0,
        "ctime5": 0,
        "ctime6": 0,
        "ctime7": 0,
        "atime0": 0,
        "atime1": 65535,
        "atime2": 0,
        "atime3": 0,
        "atime4": 0,
        "atime5": 0,
        "atime6": 0,
        "atime7": 0,
        "m_Mode": 0,
        "m_NumColorKeys": 2,
        "m_NumAlphaKeys": 2
    }
}